{
  "$schema": "https://schema.management.azure.com/schemas/2018-05-01/subscriptionDeploymentTemplate.json#",
  "contentVersion": "1.0.0.0",
  "parameters": {
    "resourceGroupName": {
      "type": "string",
      "defaultValue": "DefaultResourceGroup-EUS",
      "metadata": {
        "_parameterType": "resourceGroup",
        "description": "Name of the resource group for the resource. It is recommended to put resources under same resource group for better tracking."
      }
    },
    "resourceGroupLocation": {
      "type": "string",
      "defaultValue": "eastus",
      "metadata": {
        "_parameterType": "location",
        "description": "Location of the resource group. Resource groups could have different location than resources."
      }
    },
    "resourceLocation": {
      "type": "string",
      "defaultValue": "[parameters('resourceGroupLocation')]",
      "metadata": {
        "_parameterType": "location",
        "description": "Location of the resource. By default use resource group's location, unless the resource provider is not supported there."
      }
    }
  },
  "resources": [
    {
      "type": "Microsoft.Resources/resourceGroups",
      "name": "[parameters('resourceGroupName')]",
      "location": "[parameters('resourceGroupLocation')]",
      "apiVersion": "2019-10-01"
    },
    {
      "type": "Microsoft.Resources/deployments",
      "name": "[concat(parameters('resourceGroupName'), 'Deployment', uniqueString(concat('queuefunctionapp4storage', subscription().subscriptionId)))]",
      "resourceGroup": "[parameters('resourceGroupName')]",
      "apiVersion": "2019-10-01",
      "dependsOn": [
        "[parameters('resourceGroupName')]"
      ],
      "properties": {
        "mode": "Incremental",
        "template": {
          "$schema": "https://schema.management.azure.com/schemas/2019-04-01/deploymentTemplate.json#",
          "contentVersion": "1.0.0.0",
          "resources": [
            {
              "sku": {
                "name": "Standard_LRS",
                "tier": "Standard"
              },
              "kind": "Storage",
              "name": "queuefunctionapp4storage",
              "type": "Microsoft.Storage/storageAccounts",
              "location": "[parameters('resourceLocation')]",
              "apiVersion": "2017-10-01"
            }
          ]
        }
      }
    }
  ],
  "metadata": {
    "_dependencyType": "storage.azure"
  }
}