{
  "dependencies": {
    "appInsights1": {
      "type": "appInsights.sdk"
    },
    "storage1": {
      "type": "storage.emulator",
      "connectionId": "AzureWebJobsStorage"
    },
    "secrets1": {
      "type": "secrets.user"
    },
    "storage2": {
      "serviceConnectorResourceId": "/subscriptions/[parameters('subscriptionId')]/resourcegroups/[parameters('resourceGroupName')]/providers/Microsoft.ServiceLinker/locations/australiacentral/connectors/QueueConnectionName_659C0F0C23",
      "secretStore": "LocalSecretsFile",
      "resourceId": "/subscriptions/[parameters('subscriptionId')]/resourcegroups/[parameters('resourceGroupName')]/providers/Microsoft.Storage/storageAccounts/queuefunctionapp4storage",
      "type": "storage.azure",
      "connectionId": "QueueConnectionName",
      "dynamicId": null
    }
  }
}